"","Estimate","Std. Error","t value","Pr(>|t|)"
"(Intercept)",7.68571305514322,0.381446482860176,20.1488633412318,1.34317494264466e-55
"log.weight.",-0.892922806578692,0.0353182162549613,-25.282216976438,6.32840618595712e-73
"log.acceleration.",0.0742013254761747,0.0446141749715566,1.66317825048835,0.0974457001142396
"model_year",0.0303228848528229,0.00208984158869215,14.5096571036274,1.33646119837473e-35
"factor(origin)2",0.0477657895161414,0.021722121774988,2.19894677006836,0.0287362555776429
"factor(origin)3",0.0182650327019749,0.0226373246965084,0.806854738660532,0.420465631824332
