"","mpg_actual_test","mpg_predicted_test","pred_err_test"
"1",2.83321334405622,2.72063665910161,0.112576684954602
"3",3.67376581630389,3.46832859503583,0.205437221268057
"4",2.77258872223978,2.79377976849132,-0.0211910462515355
"9",2.70805020110221,2.98543919467625,-0.277388993574044
"11",3.19867311755068,3.36255680850516,-0.163883690954478
